﻿<?xml version="1.0" encoding="utf-8"?>
<ArrayOfDataRithmicServer xmlns:xsi="http://www.w3.org/2001/XMLSchema-instance" xmlns:xsd="http://www.w3.org/2001/XMLSchema">
  <DataRithmicServer>
    <Name>Rithmic 01</Name>
    <AdmCnnctPt>dd_admin_sslc</AdmCnnctPt>
    <AppName>TradeMonitor3</AppName>
    <AppVersion>1.0.0.0</AppVersion>
    <CertFile>RithmicCertificate.pk12</CertFile>
    <LogFilePath>smd.log</LogFilePath>
    <DmnSrvrAddr>ritpz01001.01.rithmic.com:65000~ritpz01000.01.rithmic.com:65000~ritpz01001.01.rithmic.net:65000~ritpz01000.01.rithmic.net:65000~ritpz01001.01.theomne.net:65000~ritpz01000.01.theomne.net:65000~ritpz01001.01.theomne.com:65000~ritpz01000.01.theomne.com:65000</DmnSrvrAddr>
    <DomainName>rithmic_prod_01_dmz_domain</DomainName>
    <LicSrvrAddr>ritpz01000.01.rithmic.com:56000~ritpz01001.01.rithmic.com:56000~ritpz01000.01.rithmic.net:56000~ritpz01001.01.rithmic.net:56000~ritpz01000.01.theomne.net:56000~ritpz01001.01.theomne.net:56000~ritpz01000.01.theomne.com:56000~ritpz01001.01.theomne.com:56000</LicSrvrAddr>
    <LocBrokAddr>ritpz01000.01.rithmic.com:64100</LocBrokAddr>
    <LoggerAddr>ritpz01000.01.rithmic.com:45454~ritpz01000.01.rithmic.net:45454~ritpz01000.01.theomne.com:45454~ritpz01000.01.theomne.net:45454</LoggerAddr>
    <MdConnectionPoint>login_agent_tp_r01c</MdConnectionPoint>
    <TsConnectionPoint>login_agent_prodc</TsConnectionPoint>
    <PnlConnectionPoint>login_agent_pnl_sslc</PnlConnectionPoint>
    <HistorycConnectionPoint>login_agent_historyc</HistorycConnectionPoint>
  </DataRithmicServer>
  <DataRithmicServer>
    <Name>Rithmic Demo</Name>
    <AdmCnnctPt>dd_admin_sslc</AdmCnnctPt>
    <AppName>TradeMonitor3</AppName>
    <AppVersion>1.0.0.0</AppVersion>
    <CertFile>RithmicCertificate.pk12</CertFile>
    <LogFilePath>smd.log</LogFilePath>
    <DmnSrvrAddr>ritpz01004.01.rithmic.com:65000~ritpz04063.04.rithmic.com:65000~ritpz01004.01.rithmic.net:65000~ritpz04063.04.rithmic.net:65000~ritpz01004.01.theomne.net:65000~ritpz04063.04.theomne.net:65000~ritpz01004.01.theomne.com:65000~ritpz04063.04.theomne.com:65000</DmnSrvrAddr>
    <DomainName>rithmic_paper_prod_domain</DomainName>
    <LicSrvrAddr>ritpz04063.04.rithmic.com:56000~ritpz01004.01.rithmic.com:56000~ritpz04063.04.rithmic.net:56000~ritpz01004.01.rithmic.net:56000~ritpz04063.04.theomne.net:56000~ritpz01004.01.theomne.net:56000~ritpz04063.04.theomne.com:56000~ritpz01004.01.theomne.com:56000</LicSrvrAddr>
    <LocBrokAddr>ritpa11120.11.rithmic.com:64100</LocBrokAddr>
    <LoggerAddr>ritpz04063.04.rithmic.com:45454~ritpz01004.01.rithmic.com:45454~ritpz04063.04.rithmic.net:45454~ritpz01004.01.rithmic.net:45454~ritpz04063.04.theomne.net:45454~ritpz01004.01.theomne.net:45454~ritpz04063.04.theomne.com:45454~ritpz01004.01.theomne.com:45454</LoggerAddr>
    <MdConnectionPoint>login_agent_tp_aws_europec</MdConnectionPoint>
    <TsConnectionPoint>login_agent_op_aws_europec</TsConnectionPoint>
    <PnlConnectionPoint>login_agent_pnl_paperc</PnlConnectionPoint>
    <HistorycConnectionPoint>login_agent_history_paperc</HistorycConnectionPoint>
  </DataRithmicServer>
  <DataRithmicServer>
    <Name>Rithmic Germany</Name>
    <AdmCnnctPt>dd_admin_sslc</AdmCnnctPt>
    <AppName>TradeMonitor3</AppName>
    <AppVersion>1.0.0.0</AppVersion>
    <CertFile>RithmicCertificate.pk12</CertFile>
    <LogFilePath>smd.log</LogFilePath>
    <DmnSrvrAddr>ritpz01004.01.rithmic.com:65000~ritpz04063.04.rithmic.com:65000~ritpz01004.01.rithmic.net:65000~ritpz04063.04.rithmic.net:65000~ritpz01004.01.theomne.net:65000~ritpz04063.04.theomne.net:65000~ritpz01004.01.theomne.com:65000~ritpz04063.04.theomne.com:65000</DmnSrvrAddr>
    <DomainName>rithmic_paper_aws_eu_domain</DomainName>
    <LicSrvrAddr>ritpz17001.rithmic.com:56000~ritpz04063.04.rithmic.com:56000~ritpz01004.01.rithmic.com:56000~ritpz04063.04.rithmic.net:56000~ritpz01004.01.rithmic.net:56000~ritpz04063.04.theomne.net:56000~ritpz01004.01.theomne.net:56000~ritpz04063.04.theomne.com:56000~ritpz01004.01.theomne.com:56000</LicSrvrAddr>
    <LocBrokAddr>ritpz17001.rithmic.com:63100</LocBrokAddr>
    <LoggerAddr>ritpz04063.04.rithmic.com:45454~ritpz01004.01.rithmic.com:45454~ritpz04063.04.rithmic.net:45454~ritpz01004.01.rithmic.net:45454~ritpz04063.04.theomne.net:45454~ritpz01004.01.theomne.net:45454~ritpz04063.04.theomne.com:45454~ritpz01004.01.theomne.com:45454</LoggerAddr>
    <MdConnectionPoint>login_agent_tp_aws_frankfurtc</MdConnectionPoint>
    <TsConnectionPoint>login_agent_op_aws_frankfurtc</TsConnectionPoint>
    <PnlConnectionPoint>login_agent_pnl_aws_frankfurtc</PnlConnectionPoint>
    <HistorycConnectionPoint>login_agent_history_paper_aws_frankfurtc</HistorycConnectionPoint>
  </DataRithmicServer>
  <DataRithmicServer>
    <Name>Rithmic Demo singaporec</Name>
    <AdmCnnctPt>dd_admin_sslc</AdmCnnctPt>
    <AppName>TradeMonitor3</AppName>
    <AppVersion>1.0.0.0</AppVersion>
    <CertFile>RithmicCertificate.pk12</CertFile>
    <LogFilePath>smd.log</LogFilePath>
    <DmnSrvrAddr>ritpz01004.01.rithmic.com:65000~ritpz04063.04.rithmic.com:65000~ritpz01004.01.rithmic.net:65000~ritpz04063.04.rithmic.net:65000~ritpz01004.01.theomne.net:65000~ritpz04063.04.theomne.net:65000~ritpz01004.01.theomne.com:65000~ritpz04063.04.theomne.com:65000</DmnSrvrAddr>
    <DomainName>rithmic_paper_aws_sg_domain</DomainName>
    <LicSrvrAddr>ritpz06001.rithmic.com:56000~ritpz04063.04.rithmic.com:56000~ritpz01004.01.rithmic.com:56000~ritpz04063.04.rithmic.net:56000~ritpz01004.01.rithmic.net:56000~ritpz04063.04.theomne.net:56000~ritpz01004.01.theomne.net:56000~ritpz04063.04.theomne.com:56000~ritpz01004.01.theomne.com:56000</LicSrvrAddr>
    <LocBrokAddr>ritpz06001.rithmic.com:63100</LocBrokAddr>
    <LoggerAddr>ritpz04063.04.rithmic.com:45454~ritpz01004.01.rithmic.com:45454~ritpz04063.04.rithmic.net:45454~ritpz01004.01.rithmic.net:45454~ritpz04063.04.theomne.net:45454~ritpz01004.01.theomne.net:45454~ritpz04063.04.theomne.com:45454~ritpz01004.01.theomne.com:45454</LoggerAddr>
    <MdConnectionPoint>login_agent_tp_paper_singaporec</MdConnectionPoint>
    <TsConnectionPoint>login_agent_op_paper_singaporec</TsConnectionPoint>
    <PnlConnectionPoint>login_agent_pnl_paper_singaporec</PnlConnectionPoint>
    <HistorycConnectionPoint>login_agent_repository_aws_singaporec</HistorycConnectionPoint>
  </DataRithmicServer>
  <DataRithmicServer>
    <Name>Rithmic Demo Hong Kong</Name>
    <AdmCnnctPt>dd_admin_sslc</AdmCnnctPt>
    <AppName>TradeMonitor3</AppName>
    <AppVersion>1.0.0.0</AppVersion>
    <CertFile>RithmicCertificate.pk12</CertFile>
    <LogFilePath>smd.log</LogFilePath>
    <DmnSrvrAddr>ritpz01004.01.rithmic.com:65000~ritpz04063.04.rithmic.com:65000~ritpz01004.01.rithmic.net:65000~ritpz04063.04.rithmic.net:65000~ritpz01004.01.theomne.net:65000~ritpz04063.04.theomne.net:65000~ritpz01004.01.theomne.com:65000~ritpz04063.04.theomne.com:65000</DmnSrvrAddr>
    <DomainName>rithmic_paper_aws_hk_domain</DomainName>
    <LicSrvrAddr>ritpz19001.rithmic.com:56000~ritpz04063.04.rithmic.com:56000~ritpz01004.01.rithmic.com:56000~ritpz04063.04.rithmic.net:56000~ritpz01004.01.rithmic.net:56000~ritpz04063.04.theomne.net:56000~ritpz01004.01.theomne.net:56000~ritpz04063.04.theomne.com:56000~ritpz01004.01.theomne.com:56000</LicSrvrAddr>
    <LocBrokAddr>ritpz19001.rithmic.com:63100</LocBrokAddr>
    <LoggerAddr>ritpz04063.04.rithmic.com:45454~ritpz01004.01.rithmic.com:45454~ritpz04063.04.rithmic.net:45454~ritpz01004.01.rithmic.net:45454~ritpz04063.04.theomne.net:45454~ritpz01004.01.theomne.net:45454~ritpz04063.04.theomne.com:45454~ritpz01004.01.theomne.com:45454</LoggerAddr>
    <MdConnectionPoint>login_agent_tp_paper_hongkongc</MdConnectionPoint>
    <TsConnectionPoint>login_agent_op_paper_hongkongc</TsConnectionPoint>
    <PnlConnectionPoint>login_agent_pnl_paper_hongkongc</PnlConnectionPoint>
    <HistorycConnectionPoint>login_agent_repository_aws_hongkongc</HistorycConnectionPoint>
  </DataRithmicServer>
  <DataRithmicServer>
    <Name>Rithmic Demo Chicago Area</Name>
    <AdmCnnctPt>dd_admin_sslc</AdmCnnctPt>
    <AppName>TradeMonitor3</AppName>
    <AppVersion>1.0.0.0</AppVersion>
    <CertFile>RithmicCertificate.pk12</CertFile>
    <LogFilePath>smd.log</LogFilePath>
    <DmnSrvrAddr>ritpz01004.01.rithmic.com:65000~ritpz04063.04.rithmic.com:65000~ritpz01004.01.rithmic.net:65000~ritpz04063.04.rithmic.net:65000~ritpz01004.01.theomne.net:65000~ritpz04063.04.theomne.net:65000~ritpz01004.01.theomne.com:65000~ritpz04063.04.theomne.com:65000</DmnSrvrAddr>
    <DomainName>rithmic_paper_aws_irl_domain</DomainName>
    <LicSrvrAddr>ritpz04063.04.rithmic.com:56000~ritpz01004.01.rithmic.com:56000~ritpz04063.04.rithmic.net:56000~ritpz01004.01.rithmic.net:56000~ritpz04063.04.theomne.net:56000~ritpz01004.01.theomne.net:56000~ritpz04063.04.theomne.com:56000~ritpz01004.01.theomne.com:56000</LicSrvrAddr>
    <LocBrokAddr>ritpz04063.04.rithmic.com:64100</LocBrokAddr>
    <LoggerAddr>ritpz04063.04.rithmic.com:45454~ritpz01004.01.rithmic.com:45454~ritpz04063.04.rithmic.net:45454~ritpz01004.01.rithmic.net:45454~ritpz04063.04.theomne.net:45454~ritpz01004.01.theomne.net:45454~ritpz04063.04.theomne.com:45454~ritpz01004.01.theomne.com:45454</LoggerAddr>
    <MdConnectionPoint>login_agent_tp_paperc</MdConnectionPoint>
    <TsConnectionPoint>login_agent_op_paperc</TsConnectionPoint>
    <PnlConnectionPoint>login_agent_pnl_paperc</PnlConnectionPoint>
    <HistorycConnectionPoint>login_agent_repository_aws_europec</HistorycConnectionPoint>
  </DataRithmicServer>
  <DataRithmicServer>
    <Name>Rithmic Demo Chicago Area2</Name>
    <AdmCnnctPt>dd_admin_sslc</AdmCnnctPt>
    <AppName>TradeMonitor3</AppName>
    <AppVersion>1.0.0.0</AppVersion>
    <CertFile>RithmicCertificate.pk12</CertFile>
    <LogFilePath>smd.log</LogFilePath>
    <DmnSrvrAddr>ritpz01004.01.rithmic.com:65000~ritpz04063.04.rithmic.com:65000~ritpz01004.01.rithmic.net:65000~ritpz04063.04.rithmic.net:65000~ritpz01004.01.theomne.net:65000~ritpz04063.04.theomne.net:65000~ritpz01004.01.theomne.com:65000~ritpz04063.04.theomne.com:65000</DmnSrvrAddr>
    <DomainName>rithmic_paper_prod_domain</DomainName>
    <LicSrvrAddr>ritpz04063.04.rithmic.com:56000~ritpz01004.01.rithmic.com:56000~ritpz04063.04.rithmic.net:56000~ritpz01004.01.rithmic.net:56000~ritpz04063.04.theomne.net:56000~ritpz01004.01.theomne.net:56000~ritpz04063.04.theomne.com:56000~ritpz01004.01.theomne.com:56000</LicSrvrAddr>
    <LocBrokAddr>ritpz04063.04.rithmic.com:64100</LocBrokAddr>
    <LoggerAddr>ritpz04063.04.rithmic.com:45454~ritpz01004.01.rithmic.com:45454~ritpz04063.04.rithmic.net:45454~ritpz01004.01.rithmic.net:45454~ritpz04063.04.theomne.net:45454~ritpz01004.01.theomne.net:45454~ritpz04063.04.theomne.com:45454~ritpz01004.01.theomne.com:45454</LoggerAddr>
    <MdConnectionPoint>login_agent_tp_paperc</MdConnectionPoint>
    <TsConnectionPoint>login_agent_op_paperc</TsConnectionPoint>
    <PnlConnectionPoint>login_agent_pnl_paperc</PnlConnectionPoint>
    <HistorycConnectionPoint>login_agent_repository_aws_europec</HistorycConnectionPoint>
  </DataRithmicServer>
</ArrayOfDataRithmicServer>